control_pose:[0, 0, 0, 0, 0, 0, 0,]
:[-1.6007002035724085, -1.7271001974688929, -2.2029998938189905, -0.8079999128924769, 1.5951000452041626, -0.03099996248354131]
TEST1:[-1.6007002035724085, -1.7271001974688929, -2.2029998938189905, -0.8079999128924769, 1.5951000452041626, -0.03099996248354131]
TEST2:[-1.6007002035724085, -1.7271001974688929, -2.2029998938189905, -0.8079999128924769, 1.5951000452041626, -0.03099996248354131]
TEST4:[-0.8808477560626429, -1.6726205984698694, -1.080829922352926, -1.1946929136859339, 0.8021700382232666, -0.08945161501039678]
