control_pose:[0, 0, 0, 0, 0, 0, 0,]
:[-1.6007002035724085, -1.7271001974688929, -2.2029998938189905, -0.8079999128924769, 1.5951000452041626, -0.03099996248354131]
TEST1:[-1.6007002035724085, -1.7271001974688929, -2.2029998938189905, -0.8079999128924769, 1.5951000452041626, -0.03099996248354131]
TEST2:[-1.6007002035724085, -1.7271001974688929, -2.2029998938189905, -0.8079999128924769, 1.5951000452041626, -0.03099996248354131]
TEST4:[-0.8808477560626429, -1.6726205984698694, -1.080829922352926, -1.1946929136859339, 0.8021700382232666, -0.08945161501039678]
TESTx:[0.07462208718061447, -2.9517768065081995, -2.0438292662249964, -0.5288332144366663, 0.7483723163604736, -0.14104825655092412]
TESTy:[-3.105377976094381, -2.9517768065081995, -2.0438292662249964, -0.5288332144366663, 0.7483723163604736, -0.14104825655092412]
POSE1:[0.0, 0.0, 0.0, 0.0, 0.0, 0.0]
