control_pose:[0, 0, 0, 0, 0, 0, 0,]
TEST3:[0.456887084053113, -0.6701325445024682, 1.8692108979035014, -0.6981721725412184, 0.009175134262296462, -0.7158200055084504, 0.008553017843194623]
TEST5:[0.5514596725833578, -1.1333128010585225, 1.1150558043570196, 0.9064593613551649, 0.023010761987793345, 0.2939276684938444, 0.30233831503483055]
