control_pose:[0, 0, 0, 0, 0, 0, 0,]
ATTOFTOOL:[0.14509237648254164, -0.5517436557875528, 2.443144699391803, 0.5233194382208727, 0.5262464562402618, -0.4556433417461864, 0.4915186446078361]
OF_1_TIGHTENED:[0.2031736864672576, -0.200832426926496, 1.2195536551394661, -0.7550663584411863, -0.6519094306891596, -0.060026846708575714, 0.03585618779411683]
