control_pose:[0, 0, 0, 0, 0, 0, 0,]
ATTACH_OF:[0.1316204703626376, -0.52195641973609, 2.4432123910678207, 0.5233193754914984, 0.5262465135257468, -0.4556433953093353, 0.491518600409145]
PRE_ATTACH_OF:[0.13205758463623912, -0.4361200282849494, 2.4434085037632736, 0.5233194368745686, 0.5262464524501977, -0.4556433574554691, 0.4915186355364095]
