control_pose:[0, 0, 0, 0, 0, 0, 0,]
ATTOFTOOL:[0.14509237648254164, -0.5517436557875528, 2.443144699391803, 0.5233194382208727, 0.5262464562402618, -0.4556433417461864, 0.4915186446078361]
