control_pose:[0, 0, 0, 0, 0, 0, 0,]
ATTOFTOOL:[0.14509237648254164, -0.5517436557875528, 2.443144699391803, 0.5233194382208727, 0.5262464562402618, -0.4556433417461864, 0.4915186446078361]
ATTACH_OF:[0.1316204703626376, -0.52195641973609, 2.4432123910678207, 0.5233193754914984, 0.5262465135257468, -0.4556433953093353, 0.491518600409145]
PRE_ATTACH_OF:[0.13205758463623912, -0.4361200282849494, 2.4434085037632736, 0.5233194368745686, 0.5262464524501977, -0.4556433574554691, 0.4915186355364095]
PRE_OF_1_UNTIGHTENED:[0.19841328277879045, -0.0728899453732039, 1.2063605669137345, 0.7811166019066998, 0.6192511624799483, 0.07944289797027125, 0.008583586374478295]
OF_1_UNTIGHTENED:[0.2593961916484078, -0.07737607644868136, 1.0935504589604024, 0.7811166070593638, 0.6192511517604058, 0.07944292844882872, 0.008583608737149964]
OF_1_TIGHTENED:[0.2593961916484078, -0.07737607644868136, 1.0935504589604024, -0.6060386969472003, 0.7914115494371581, -0.0072475247819058265, 0.079575942373005]
OF_2_TIGHTENED:[0.2694339437512396, -0.33344167821182785, 1.0929549560663487, -0.606038714031888, 0.7914115445423835, -0.007247626750764618, 0.07957585165171581]
OF_2_UNTIGHTENED:[0.2694339437512396, -0.33344167821182785, 1.0929549560663487, 0.7377711578616638, 0.6703050606764195, 0.07868713583986726, 0.013898881694576771]
PRE_OF_2_UNTIGHTENED:[0.2692239963121902, -0.33391129051851365, 1.2358416952010687, 0.7377711616248436, 0.6703050756908363, 0.07868695896898606, 0.013898959171253108]
