control_pose:[0, 0, 0, 0, 0, 0, 0,]
ATTOFTOOL:[0.2981289029121399, 0.07630335539579391, 1.7858085632324219, 1.3873441219329834, 1.2337470054626465, -1.5715211073504847]
ATTACH_OF:[0.2530152499675751, 0.06837217509746552, 1.7620807886123657, 1.417433738708496, 1.2786023616790771, -1.566451374684469]
PRE_ATTACH_OF:[0.21513545513153076, 0.04439803212881088, 1.6494340896606445, 1.5529335737228394, 1.3162707090377808, -1.5622995535479944]
PRE_OF_1_UNTIGHTENED:[0.21513545513153076, -0.20840198198427373, -1.1697657744037073, -0.07986623445619756, 1.4570707082748413, -1.5622995535479944]
OF_1_TIGHTENED:[0.28726011514663696, -0.4341681639300745, -0.8242858091937464, -0.19169933000673467, 1.4654723405838013, 1.540834665298462]
OF_2_TIGHTENED:[0.4203145503997803, -0.39230233827699834, -1.2653372923480433, 0.22033178806304932, 1.4823583364486694, 1.4082317352294922]
OF_2_UNTIGHTENED:[0.4203145503997803, -0.39230233827699834, -1.2653372923480433, 0.22033178806304932, 1.4823583364486694, -1.9013684431659144]
PRE_OF_2_UNTIGHTENED:[0.4203145503997803, -0.15736467043031865, -1.5697253386126917, 0.289781779050827, 1.4823583364486694, -1.9013684431659144]
