control_pose:[0, 0, 0, 0, 0, 0, 0,]
ATTOFTOOL:[0.2981289029121399, 0.07630335539579391, 1.7858085632324219, 1.3873441219329834, 1.2337470054626465, -1.5715211073504847]
OF_1_TIGHTENED:[0.2736356258392334, -0.17367202440370733, -1.4141481558429163, 0.1568305790424347, 1.564326524734497, -1.6986067930804651]
