control_pose:[0, 0, 0, 0, 0, 0, 0,]
ATTOFTOOL:[0.2981289029121399, 0.07630335539579391, 1.7858085632324219, 1.3873441219329834, 1.2337470054626465, -1.5715211073504847]
